,name,type,shape_in,shape_out,size_in,size_out,activations,weights
0,input_2,InputLayer,"(60, 31, 1)","(60, 31, 1)",1860,1860,1860,
1,conv0,Conv2D,"(60, 31, 1)","(30, 16, 20)",1860,9600,9600,520
4,conv1_ds,SeparableConv2D,"(30, 16, 20)","(15, 8, 30)",9600,3600,2400,
7,conv2_ds,SeparableConv2D,"(15, 8, 30)","(6, 2, 45)",3600,540,360,
11,dense_3,Dense,"(540,)","(64,)",540,64,64,34624
12,activation_3,Activation,"(64,)","(64,)",64,64,64,
14,dense_4,Dense,"(64,)","(10,)",64,10,10,650
16,activation_4,Activation,"(10,)","(10,)",10,10,10,
