,name,type,shape_in,shape_out,size_in,size_out,activations,weights
0,input_2,InputLayer,"(60, 31, 1)","(60, 31, 1)",1860,1860,1860,
1,conv0,Conv2D,"(60, 31, 1)","(30, 16, 16)",1860,7680,7680,416
4,conv1_ds,SeparableConv2D,"(30, 16, 16)","(15, 8, 24)",7680,2880,1920,
7,conv2_ds,SeparableConv2D,"(15, 8, 24)","(6, 2, 36)",2880,432,288,
11,dense_3,Dense,"(432,)","(64,)",432,64,64,27712
12,activation_3,Activation,"(64,)","(64,)",64,64,64,
14,dense_4,Dense,"(64,)","(10,)",64,10,10,650
16,activation_4,Activation,"(10,)","(10,)",10,10,10,
